,Job_title,Company,State,City,Min_Salary,Max_Salary,unitText,SalaryCurrency,Job_Desc,Industry,Rating,Date_Posted,Valid_until,Job_Type
0,INGENIERO COMERCIAL,Grupo Trabajo,México,Ciudad de México,120000,180000,MONTH,MXN,"Perfil: Ingeniería concluidaExperiencia no necesariaBuena presentaciónActividades: Ventas telefónicasContacto con clientesSeguimiento a pedidosManejo de base de datosEnvío y seguimiento de cotizacionesOfrecemos: Sueldo inicial: $10,000 a $ 15,000 netos mensualesPrestaciones de LeyPrestaciones superioresPlan de desarrollo a corto plazoLugar de trabajo: A 5 minutos caminando del metro cuatro caminos, Parque ToreoRequisito indispensable: Vivir a menos de una hora de distanciaHorario: Lunes a Viernes de 08:00 a 18:00 horasINTERESADOS ENVIAR CV CON FOTOGRAFÍA FORMATO PDFTipo de puesto: Tiempo completoSalario: $10,000.00 - $15,000.00 al mesPrestaciones:Descuentos y precios preferencialesSeguro de gastos médicosSeguro de la vistaSeguro dentalSeguro de vida",,,2022-09-12T00:00:00,2022-10-14,FULL_TIME
1,Especialista de Analítica de Datos y BI,Sorteos Tec,Nuevo León,Monterrey,324000,324000,MONTH,MXN,"En Sorteos Tec, cada mañana, nos despertamos con el deber de cumplir sueños. Constantemente rompemos barreras para que puedas formar parte de una cultura colaborativa, fomentada en la inclusión y respeto. Nuestros procesos están centrados en las personas para asegurar experiencias extraordinarias. Aquí, no solo prosperarás, sino que con tu talento y esfuerzo transformarás la vida de cientos de jóvenes mexicanos que a través del programa “Líderes del Mañana” se convertirán en los próximos líderes y agentes de cambio que el mundo necesita.En la posición deEspecialista de analítica de datos y BI sumarás, como parte de Sorteos Tec a cumplir sueños para cambiar al mundo a través de la Educación. Te enfocarás en desarrollar, apoyar y crear modelos de predicciones de venta con fundamentos matemáticos, creación de análisis que generen valor al negocio, creación de indicadores claves para toma de decisiones.Tus principales retos serán: · Desarrollo de modelos de venta· Reportes estadísticos para apoyo en implementaciones estratégicas· Desarrollo de dashboards en Power BI que mezclen los resultados de los modelos matemáticos· Estudio de comportamientos y patrones en clientes de canal tradicional y digitalSi tienes formación Licenciatura en matemáticas, actuaría, ingeniería industrial o sistemas, y cuentas con experiencia en Python, SQL y Power BI y entre tus habilidades se encuentran análisis, autodidacta e investigador, cumplimiento de objetivos.¡Te estamos buscando, postúlate ya!Tipo de puesto: Tiempo completo, IndefinidoSalario: $27,000.00 al mesHorario:Turno de 8 horasPrestaciones:Caja de ahorroOpción a contrato indefinidoPrograma de referidosSeguro de gastos médicos mayoresSeguro de vidaVales de despensa",,,2022-09-09T00:00:00,2022-10-14,FULL_TIME
2,Analista planeación | Lerma,KAVAK Careers,,,-1,-1,,MXN,"Si quieres pertenecer a un equipo que mueve la operación tanto nacional como internacional, KAVAK es tu lugar. Somos la startup más valiosa de Latam y el 1er unicornio Mexicano. Invertimos en talento, ideas, infraestructura y tecnología para seguir revolucionando la compra y venta de autos en el mundo.

Queremos garantizar que nos rodeamos del mejor talento con un equipo inclusivo. Creemos que en la diversidad y en las diferencias está lo más valioso de KAVAK.

Como equipo nos gusta imaginar lo imposible y trabajar juntos para alcanzarlo. Somos disruptivos, proactivos, leales y ambiciosos. Sabemos que sólo logrando el éxito de cada uno podemos construir la historia de éxito de KAVAK.


¿Tienes la motivación para ser parte de esta misión y ayudarnos a construir el resto de la historia?

¡Únete a nosotros como Analista de planeación!

Al aplicar a este cargo tendrás las siguientes funciones

Planeación ordenes de trabajo
Manejo de base de datos del plan de producción
Gestión de la producción del día a día en la operación
Seguimiento y control de la información del área
Elaboración de reportes y cruces de base de datos

¿Qué buscamos?

Lic en Relaciones comerciales, Administración , Ingeniería, o a fin.
Manejo de Excel, análisis de información (nivel medio a avanzado)
Saber trabajar en equipo y trabajar bajo presión, buen manejo de administración de tiempo, buen manejo de estrés
Disponibilidad para laborar de Lunes a Sábado de 9am a 6pm

¿Qué ofrecemos?

$12,840 de los cuales $1,056 se depositaran en tarjeta de vales de despensa.
Prestaciones de ley y superiores.
Desarrollo personal y profesional
Seguro de Gastos Médicos Mayores
Seguro de Vida
¡La mejor cultura laboral!
Este rol es primordial para el crecimiento de KAVAK en esta etapa de innovación, consolidación y expansión.

Al aplicar a cualquiera de nuestras vacantes aceptas los Términos & Condiciones y la Política de Privacidad, que encuentras en nuestra pagina web www.kavak.com

#LI-AM3",Tecnologías de la información,,2022-09-07T00:00:00,2022-10-14,OTHER
3,Ingeniero de datos o científico de datos,PROESA ELTEC,,,180000,300000,MONTH,MXN,"Ingeniero de datos o científico de datos. Ing. En computacion, informática o afin.Desarrollo de integración y procesos. Análisis de propuestas de re-ingenieria e implementación y digitalización y automatización de procesos de negocio a través del desarrollo de aplicaciones personalizadas. Trabajar con producto owners/business Analysts/Enterprise Archiyects del proyecto para comprender los requisitos y asesorar sobre capacidades y limitaciones de técnicas de Appian, Java, SQL, bases de datos, Python, ciclos de vida de desarrollo de software, ingles 90% avanzado. Metodologías de desarrollo ágil, Scrum, Plataformas de código bajo, business process, data analytics, C++. Lunes a sábado. Empleo no remoto, zona col. Nápoles por el metro san Pedro de los pinos.Sueldo de 15,000 a 25,000 negociable.Tipo de puesto: Tiempo completoSalario: $15,000.00 - $25,000.00 al mesHorario:Lunes a viernes",,,2022-09-07T00:00:00,2022-10-14,FULL_TIME
4,Project Manager (100% Remoto),Apli,,,300000,600000,MONTH,MXN,"¿Te fascina la organización de proyectos complejos? ¿Quieres transformar procesos claves de grandes empresas? ¿Te apasiona el poder transformacional de la tecnología? ¿Quieres acelerar tu carrera, formar parte de un startup premiado a nivel mundial y trabajar con un equipo excepcional?Si es así sigue leyendo.Apli construye software para transformar su atracción y selección de talento. Ayudamos a las empresas más grandes de la región a reclutar a gran escala con inteligencia artificial. Tu misión (si decides aceptarla), será liderar las implementaciones del software de Apli en nuestros clientes y ayudarles con la transformación digital de sus procesos de selección de talento.Como Project Manager, trabajarás con clientes para asegurarte que alcancen sus objetivos y el valor prometido por el equipo de ventas. Te convertirás en su asesor de confianza en soluciones del futuro del trabajo, desarrollarás un entendimiento profundo de sus procesos de reclutamiento, les mostrarás cómo agilizarlos con nuestra tecnología y supervisarás la implementación y adopción de nuestra solución.Para esta posición, debes sentirte cómodo revisando objetivos de negocio y procesos con directivos de grandes empresas, entendiendo sus requerimientos, desglosando problemas complejos con un enfoque disciplinado y combinando analítica y lógica de negocios para proponer soluciones.Unirte a Apli, una startup de México reconocida como una de las empresas más innovadoras en el mundo, es una excelente manera de tener un progreso profesional más rápido que en trabajos tradicionales, consultoras o grandes compañías de tecnología. Estarás rodeado por algunas de las personas más talentosas en sus áreas, que trabajan en Apli porque valoran la misión de crear soluciones de alto impacto.En un día típico en Apli vas a Trabajar junto con clientes para entender sus procesos y necesidadesCoordinar a los equipos de servicios profesionales y ciencia de datos de Apli para asegurar que damos solución a las necesidades de los clientes.Analizar datos de los clientes para desarrollar ideas de cómo mejorar su experienciaCompartir ideas al equipo de producto de Apli a partir de tu experiencia con los clientesConstruir relaciones significativas con tomadores de decisiones clave de nuestros clientesFomentar ventas incrementalesEsta oportunidad es para ti si tienesLicenciatura o ingeniería terminadaMínimo 2 años de experiencia laboral en client success, gestión de proyectos, consultoría o implementación de sistemasAlta organización y capacidad de realizar tareas múltiplesProactividad y energíaExcelentes habilidades de comunicación y persuasiónExcelentes capacidades de análisis y síntesisMuy alta capacidad de aprendizajePasión por la tecnologíaEspíritu emprendedorSerás ideal para este puesto si Experiencia trabajando en una startup, empresa de tecnología de rápido crecimiento o consultoraExperiencia en gestión de proyectos tecnológicos como product owner o scrum masterNO serás un buen fit para esta posición siBuscas un trabajo predecible con procesos establecidosEsperas una supervisión cercana de tus actividadesTe estresas fácilmenteNecesitas constante reconocimiento para mantener tu motivaciónOfrecemosSalario: $25,000 - $50,000 base al mes en función de experienciaTrabajo 100% remotoContratación directa con todas las prestaciones de leySeguro de gastos médicos mayores con cobertura dental, de visión y viajes12 días de vacaciones más 6 días libres en NavidadApoyo con mobiliario y equipoOn-demand e-learningÚnete a Apli porEnorme potencial de crecimiento y alto grado de autonomíaAprendizaje diario y coaching continuoTrabajo de la mano con management y CEOAmbiente de alto crecimiento y multiculturalStartup con impacto en miles de personasSobre ApliApli fue nombrada una de las empresas más innovadoras del mundo por la revista FastCompany y fue seleccionada por MIT como una de las empresas líderes en la construcción del futuro del trabajo. Los inversionistas de Apli incluyen fondos de venture capital líderes en México, Estados Unidos y Europa. Aprende más:https://www.fastcompany.com/company/aplihttps://www.hbs.edu/about/video.aspx?v=1_vo23t4gjhttps://expansion.mx/carrera/2021/05/10/maquinas-para-contratar-mejores-humanosTipo de puesto: Tiempo completo, Por tiempo indeterminadoSalario: $25,000.00 - $50,000.00 al mesHorario:Turno de 8 horasPrestaciones:Aumentos salarialesDías de maternidad superiores a los de la leyDías de paternidad superiores a los de la leyHorarios flexiblesSeguro de gastos médicos mayoresSeguro de la vistaSeguro dentalTrabajar desde casaVacaciones superiores a las de leyConsideraciones ante el COVID-19:Proceso de selección y trabajo 100% remoto.Pregunta(s) de postulación:¿Cuál es el proyecto más complejo que has gestionado? ¿Cuál fue el mayor reto con el que te encontraste y cómo lo superaste?",,,2022-08-18T00:00:00,2022-10-14,FULL_TIME
5,Ingeniero de Manufactura,Confidencial,Baja California,Tijuana,-1,-1,,MXN,"Ingeniero de manufactura (TIJUANA B.C) Salario se ve en entrevista $$$$Descripción general: Planifica, organiza, dirige y controla los departamentos de ingeniería en los diferentes turnos, proporciona soporte al área de producción para segurar que la producción cumpla con los requerimientos de volumen, calidad y costo dentro del plazo establecido de manera eficiente.Requisitos: Ingeniería industrial o a finDominio de officeIngles intermedioConocimientos en moldeo de inyección de plástico, mantenimiento de maquinas de moldeo, equipos periféricos, procesos,moldes por inyección de plástico.Funciones que desempeña: Coordina la equipo de ingeniería para asegurar cumplir con metas, estableciendo prioridades y planes de trabajo.Recopila y analiza datos históricos de la producción para resolver problemas de operación, manufactura y de mantenimiento para asegurar costos mínimos y evitar retrasos.Asegura que a la maquinaria y al equipo de producción se le de un eficiente mantenimiento preventivo, para que siempre funcione con el máximo nivel de desempeño.Responsable de los indicadores y resultados del área.Establecer estándares para evaluar el rendimiento.Supervisar y evaluar el rendimiento del personal de ingeniería.Nosotros estamos ubicados a 5 minutos de parque industrial pacifico, alado de colonia el panamericano.Tipo de puesto: Tiempo completoHorario:Turno de 10 horasPrestaciones:Descuentos y precios preferencialesEstacionamiento gratuitoOpción a contrato indefinido",,,2022-09-05T00:00:00,2022-10-14,FULL_TIME
6,EXPERTO EN INTEGRIDAD DE DATOS,Confidencial,,,300000,336000,MONTH,MXN,"Empresa importante esta buscando de: EXPERTO EN INTEGRIDAD DE DATOS.REQUISITOS: Licenciatura, Maestría, Ingeniería: Contabilidad, Mercadotecnia, Informática, Q.F.B, o afin.2 o 3 años de experiencia en Industria Farmacéutica Transnacional.Inglés INTERMEDIOCONOCIMIENTO EN: GMPGXP-DIIntegridad de datosACTIVIDADES: Generar y ejecutar de los programas para llevar a cabo la revisión, valoración DI.Participar en la recopilación de datos, su análisis y evaluación, para definir las estrategias orientadas a la reducción del riesgo DI.Participar activamente proporcionando información o datos durante la ejecución de inspecciones internas o externas.Analizar y evaluar las necesidades de capacitación detectadas para diseñar y programar la ejecución de capacitaciones en temas DI.Diseñar bases de datos necesarias para mejorar el control, análisis y generación de reportes de los temas DI.Establecer y monitorear KPI´S.Participar en proyectos de OE y mejoras, auditorias internas.OFRECEMOS: Horario: L-V 8am – 5pmSueldo: $25,000 - $28,000 (depende de experiencia y conocimiento)Prestaciones de LeyPresencialPOR PROYECTOLUGAR DE TRABAJO: LERMASi cumples con alguno de los conocimientos, postulate por este medioTipo de puesto: Tiempo completo, Por obra o tiempo determinadoDuración del contrato: 6 mesesSalario: $25,000.00 - $28,000.00 al mesHorario:Turno de 8 horasPuede trasladarse/mudarse:Lerma de Villada, Méx.: Trasladarse al trabajo sin problemas o planear mudarse antes de comenzar a trabajar (Obligatorio)Fecha de inicio prevista: 15/09/2022",,,2022-08-31T00:00:00,2022-10-14,FULL_TIME
7,Ingeniero de datos,Eligere Research SC,,,600000,840000,MONTH,MXN,"At Eligere Research, we are seeking for a Transnational Company, a data driven Engineer, passioned about data , with proven track in delivery the higher business value.What you'll need: · Bachelor’s Degree in Computer Science, Information Management, Engineering, Mathematics or related major· 5 + years of prior MS Sql Server Data Warehouse experience required· Oral and written English communication skills· Prior dimensional data modeling· 3 + years integration experience with MS SSIS, SAP BO· Experience in python offer a distinct advantage.· Desirable experience with API based data acquisition and management· Desirable knowledge in building architecture· Experience in Devops· At least 3-4 years of experience Analytics tools, Data Visualization and User Experience Design preferably in technologies including Microsoft Power BI and SAP Business Objects Business Intelligence suite (Design Studio, Web Intelligence, Dashboards).· Understanding Master Data Management/Data Governance· 1 + year familiarity with ‘Modern Data Warehouse’ architecture using cloud based storage solutions and data orchestration in Microsoft Azure (e.g. Blob storage, Azure Databricks, Azure Data Factory, etc.)Tipo de puesto: Tiempo completoSalario: $50,000.00 - $70,000.00 al mesHorario:Turno de 8 horasPrestaciones:Caja de ahorroDescuentos y precios preferencialesHorarios flexiblesOpción a contrato indefinidoSeguro de gastos médicosSeguro de gastos médicos mayoresSeguro dentalSeguro de vidaServicio de comedor con descuentoTrabajar desde casaVacaciones adicionales o permisos con goce de sueldoVales de despensaTipos de compensaciones:Bono anualFecha de inicio prevista: 01/09/2022",,,2022-09-13T00:00:00,2022-10-14,FULL_TIME
8,Especialista de Producto/Giro Automotriz,SAGAJI SA DE CV,,,144000,168000,MONTH,MXN,"SAGAJI: Somos una empresa mexicana dedicada a la distribución de autopartes y/o refacciones, quienes estamos comprometidos en mantener la calidad de nuestros servicios y variedad en nuestro catálogo para todos nuestros clientes.BUSCAMOS: ESPECIALISTA DE PRODUCTO ZONA DE TRABAJO: Coyoacán (Calzada del Hueso) REQUISITOS:1. Escolaridad: Ingeniería mecánica, industrial o a fin (pasante o titulado)2. Experiencia mínima de un año en un puesto similar3. Disponibilidad de horario para trabajar de lunes a viernesFUNCIONES:1. Administración de datos2. Validación de productos3. Actualización de plataforma e commerce4. Selección de productos5. Administración de datosOFRECEMOS:1. Sueldo base $12,000 a $14,000 (netos) mensuales2. Prestaciones de ley básicas desde el primer día (seguro social, aguinaldo, vacaciones, prima vacacional)3. Prestaciones adicionales (apoyo de gastos funerarios y seguro de gastos médicos menores)4. Descuento en compra de autopartesINTERESADOSPOSTULARSE POR ESTE MEDIOTipo de puesto: Tiempo completoSalario: $12,000.00 - $14,000.00 al mesHorario:Turno de 10 horas",,,2022-09-01T00:00:00,2022-10-14,FULL_TIME
9,Becario de base de datos (medio tiempo),Pabis retail,,,60000,60000,MONTH,MXN,"Pabis retail es una startup líder en el desarrollo de soluciones analíticas del sector retail. Usamos las mejores tecnologías en BigData, Inteligencia Artificial y Ciencia de datos.Si eres estudiante y buscas una empresa que permita desarrollarte profesionalmente y te brinde aprendizaje continuo permitiéndote estudiar y trabajar ¡este es tu lugar!Objetivo General del cargo: ejecutar, validar y monitorear procesos automáticos y manuales de descarga y procesamiento de datos en Datawarehouse.¿Qué requisitos debe reunir nuestro candidato?Ingeniería en Sistemas o afín ser estudiante ACTIVO (indispensable estar actualmente estudiando) estar a mínimo 1 año de concluir la carreraInterés por desarrollarte en análisis de datos y bases de datosNo necesitas experiencia laboralVentajas de colaborar con nosotros: Sueldo libre mensual de $5,000Horarios flexibles de acuerdo con tu horario escolar (20 horas a la semana)Prestaciones de leyOportunidad de crecimiento internoModalidad de trabajo remoto, puedes trabajar desde cualquier lugarTipo de puesto: Medio tiempoHoras de medio tiempo: 20 por semanaSalario: $5,000.00 al mesHorario:Horario flexibleConsideraciones ante el COVID-19:Home Office",,,2022-08-15T00:00:00,2022-10-14,PART_TIME
10,GERENTE DE PERFORMANCE Y PROYECTOS EN FÁBRICA,L'Oreal,,,-1,-1,,MXN,"Cuando amas tu trabajo y las personas con las que trabajan, suceden cosas increíbles.
¡Únete a la empresa número uno de Beautytech y construyamos juntos el futuro de L'Oréal!
Como pure player, L'Oréal tiene la intención de ofrecer el producto adecuado al consumidor adecuado, a través de diferentes caminos. Ya sea que desee comprar sus productos de belleza en supermercados, farmacias, peluquerías, perfumerías o incluso en línea, L'Oréal tiene una variada gama de productos para ofrecer.
Antes de empezar… ¿Cómo es nuestro proceso de selección?
1° / Después de aplicar a la oferta completando la información de su CV
2° / Si su CV es seleccionado, se le invitará a una Entrevista Exploratoria de Reclutamiento (individual). El reclutador con el que se reunirá lo conocerá mejor, comprenderá quién es usted y cuáles son sus aspiraciones profesionales.
3° / Finalmente, si la entrevista exploratoria es positiva, ¡obtendrás una entrevista con el HRBP! Si tiene éxito, se le invitará a una entrevista con el líder de la posición.
Estamos buscando nuestro próximo:
GERENTE DE PERFORMANCE Y PROYECTOS
Experiencia: de 5 a 10 años de experiencia en puesto similar (A nivel gerencial en las áreas Unidad de producción, excelencia operativa, lanzamientos y proyectos)
Escolaridad: Licenciatura o ingeniería en Industrial, mecánica, mecatrónica o afín
Funciones Principales:
PERFORMANCE : gerenciar la implementación y mantenimiento de la estrategia y cultura de excelencia operativa involucrando todo el equipo y áreas de toda la planta.
PROYECTOS: Liderar el plan director de la planta, planeando y ejecutando proyectos a corto medio y largo plazo con enfoque en las áreas de EHS, infraestructura, higiene, L´Oréal por el futuro, capacidad y productividad
POLE: gerenciar el proceso de innovación en la planta asegurando la comunicación entre planta OPD y packaging. Gerenciar la optimización de packaging y la industrialización asegurando los requerimientos EHS, calidad, productividad .

Generación de planos de inspección para MPs, ACs, PT y semiterminado
Que el Comité de Dirección de la planta apruebe los objetivos de la obra en cuanto al sistema de referencia de Producción (OEE, PUR, aguas de lavado, pérdidas de materiales) en base al Plan Director y de acuerdo con las recomendaciones de la DO y Grupo (DGO)
Promueve la aplicación de EOS en el sistema de gestión de la planta
Supervisar el progreso de los proyectos de mejora del desempeño definido y facilitar su implementación (entre departamentos y entre la gerencia y el campo)
Asegurar que se observen los métodos en los proyectos de mejora (5S, PDCA, Problem Solving, SMED, Chrono-analysis, Optima, Optiloss, etc.)
Supervisar y analizar datos (enfoque en ""desviaciones"" en OEE, PUR, agua de lavado, pérdidas)
Asegurar la consistencia de los procedimientos de mejora y la estandarización en todos los UP de la planta
Asegurar que los Planes Directores de la planta puedan alcanzar los objetivos marcados.
Coordinar y motivar a los distintos departamentos y grupos de trabajo en relación con las iniciativas de mejora del desempeño.
Capacitar a los empleados de la planta.
Organizar auditorías para comprobar que el sistema y los métodos se cumplen a lo largo del tiempo, así como la confianza de los datos
Promover ideas, prácticas innovadoras y éxitos a nivel de planta
Ser el contacto preferente de la entidad Area Performance (es decir, el departamento de DGO Manufacturing Performance para Europa).
Informar sobre las buenas prácticas innovadoras de la propia planta a la comunidad de ""gestores de rendimiento"" ya la DGO

Competencias Indispensables: Tolerancia a la frustración, honestidad y ética. Sentido innovador y ágil de mejoras y resolución de problemas. Influencia y negociación.
Ubicación: L´Oréal Planta Cosbel - Xochimilco

No pierdas la oportunidad de conocer más del mundo de la belleza.
 “En L'Oréal estamos comprometidos con la igualdad de oportunidades y crecimiento para todo el talento interesado en formar parte de nuestra empresa. Estamos seguros de que un ambiente de trabajo en diversas áreas y niveles, incrementa la innovación y el entendimiento de nuestro negocio”
You can apply to up to three jobs within a rolling 30-day window.
 You cannot withdraw your application once you applied, so please make sure to choose a job that matches your dreams.
 Please visit ""Your Application Space"" to see the jobs you have already applied to.
 Please don’t create another account with a different email. If you do so, your account might be merged and your application record will be deleted.",Manufactura,,2022-09-13T00:00:00,2022-10-14,FULL_TIME
11,Ingeniero de Datos Junior,Taltere,Jalisco,Guadalajara,240000,300000,MONTH,MXN,"Institución líder en generar inclusión financiera se encuentra en búsqueda del siguiente perfil:ingeniero en Datos Junior con 1 año de experiencia.Experiencia en modelado de datos.Experiencia en Data Warehouse datalake .Experiencia en procesos de integración de datos y procesos ETLSQL, PL/SQL, Apache, Aurora, MySQL, Store ProceduresServicios en la nube de AWS: Transfer Family, GLUE, Lake. Formation, RedShift, Cloud Trail, Data Lake.Experiencia en proyectos de desarrollo de Data Lake.Experiencia con servicios en la nube de AWS: Cloud Trail, CloudWatch, IAM.Objetivo del puesto:Elaborar programas, herramientas de manejo de datos y habilitación en servidores por medio de tecnología de datos, estándares de calidad para consulta de usuarios internos y externos, toma de decisiones, estrategias y administración de portafolios.OfrecemosSeguro de Gastos Médicos MayoresSeguro de VidaVacaciones ilimitadasTrabajo RemotoSueldo neto $20,000 a $25,000Hibrido (oficina 1 a 2 días por semana )Tipo de puesto: Tiempo completoSalario: $20,000.00 - $25,000.00 al mesHorario:Turno de 8 horasPrestaciones:Seguro de gastos médicos mayoresTrabajar desde casaVacaciones adicionales o permisos con goce de sueldoPregunta(s) de postulación:indique su conocimiento con AWS",,,2022-09-13T00:00:00,2022-10-14,FULL_TIME
12,Especialista de Eficiencia Energética,Creatio Entornos,,,240000,276000,MONTH,MXN,"Especialista de Eficiencia EnergéticaEscolaridad: Ingeniería Eléctrica, Térmica, EnergéticaExperiencia en prácticas con circuitos eléctricos, cables de alimentación, controles, motores, etc.Deberá analizar el funcionamiento de varios sistemas de infraestructura para determinar la causa de los problemas o mal funcionamiento y tomar las medidas correctivas. Analizará la facturación energética de los edificios, deberá identificar el potencial de ahorro del cliente con el estudio y análisis previo de las instalaciones.Dará seguimiento a los ahorros después de la implementación de los proyectos de Eficiencia Energética. Analizará los datos de la auditoria y las evaluaciones energéticas y elaborará recomendaciones para ahorrar energía y reducir el consumo de gas y electricidad.Disponibilidad de horario y para viajarContratación Inmediata.Tipo de puesto: Tiempo completoSalario: $20,000.00 - $23,000.00 al mesHorario:Turno de 8 horasPrestaciones:Teléfono de la empresaUniformes gratuitosVacaciones adicionales o permisos con goce de sueldo",,,2022-08-25T00:00:00,2022-10-14,FULL_TIME
13,Ingeniero de soporte para de voz y datos,Darol Consultores,,,240000,300000,MONTH,MXN,"Ingeniero en sistemas, informática o afínIngles intermedio - avanzadoexperiencia mínima 2 añosconocimientos de red o telecom soporte LAN/WANWindows server 2012 y 2019Gestión de proyectosExperiencia en telefonía VoIP Avaya y/o CiscoSQL Server 2012 o superiorSniffersTecnología RAIDTipo de puesto: Tiempo completoSalario: $20,000.00 - $25,000.00 al mesHorario:Turno de 10 horasExperiencia:Mantenimiento: 2 años (Deseable)",,,2022-08-21T00:00:00,2022-10-14,FULL_TIME
14,Analista de bases de datos,AT&T,México,Naucalpan,180000,194400,MONTH,MXN,"Desarróllate en una de las empresas más importantes de telecomunicaciones a nivel mundial, social mente responsable y reconocida como Great Place to Work.En AT&T sabemos que la diversidad nos hace más fuertes, es por ello que fomentamos la inclusión en igualdad de oportunidades, sin discriminar por discapacidad, orientación sexual, sexo, raza, grupo étnico, religioso, etc.Te invitamos a formar parte de nuestro equipo laboral,¡ Postúlate !Analista de Baes de datos/ Tiempo completoOFRECEMOS:· Sueldo base· Prestaciones de ley y superiores· De lunes a viernes· Excelente ambiente de trabajo· Estabilidad laboral· 10% de vales de despensa· 5 líneas telefónicas al 50% de descuentoREQUISITOS:* Licenciatura o ingenieria en sistemas o a fín.Experiencia 1 año en leguajes de programación.Manejo de bases de datos, desarrollo y automatización de procesosExcel Medio/AvanzadoOracle Sql Medio/AvanzadoUnix BasicoDisponibilidad para laborar tiempo completoACTIVIDADES:Establecer y ejecutar procesos de conciliación de recargas electrónicas cursadas a través de bancos y otros puntos de venta, automatizando y dando seguimiento puntual a diferencias dadas por proceso.De las diferencias resultantes por proceso de conciliación, asegurar el correcto seguimiento con el tercero a modo de dar completa certeza a las cifras de facturación de las recargas pendientes por conciliar y que están a favor representando un ingreso a la compañía.Extracción y carga de información relacionada a las recargas de tiempo aire, a fin de establecer procesos para reporteo de comportamiento, lo anterior a modo de dar explicación ante posibles variaciones en su comportamiento, dando seguimiento y asociando una justificación valida a dicho comportamiento.Participación en procesos UAT / PVT / Sanity Operativo, a modo de asegurar la correcta migración de las cadenas así como la implementación de nuevos canales u otros proyectos con miras al crecimiento del negocio.Revisar las cifras de tiempo aire día a día a modo de asegurar el 100% de recargas conciliadas, conforme a lo extraído desde las fuentes internas.Tipo de puesto: Tiempo completoSalario: $15,000.00 - $16,200.00 al mesHorario:Lunes a viernesPrestaciones:Vales de despensa",Telecomunicaciones,,2022-09-09T00:00:00,2022-10-14,FULL_TIME
15,INGENIERO DE SERVICIOS PLANTA INTERNA JR,MEGACABLE COMUNICACIONES,,,132000,150000,MONTH,MXN,"ExperienciaMISIÓN DEL PUESTOAsegurar el soporte a la implementación, operación y mantenimiento de los sistemas de Video, Datos, Voz y RF que mantienen los servicios que ofrece Megacable a sus suscriptores, atendiendo las órdenes de trabajo y folios de atención generados en la plaza para garantizar la correcta operación y entrega de los servicios al suscriptor.FUNCIONES Y ACTIVIDADES DEL PUESTOAsegurar la operación y continuidad de los servicios de video, monitoreando y ejecutando rutinas de revisiónDar mantenimiento de red HFC (Nodos) en Hub mediante recursos técnicos con los que cuenta el área para mantener los equipos optoelectrónicos operando correctamenteApoyar al área de mantenimientoDar seguimiento a las incidenciasEjecutar las ventanas de mantenimiento SCC y SAE relacionados a la operación, implementación y fallas de nodoPERFIL DEL PUESTOFormación Académica:  Licenciatura en Electrónica y TelecomunicacionesExperiencia:  Pasante/Titulado, experiencia comprobable en equipos de recepción satelital análoga y digital, receptores, moduladores, demoduladores, encoders y multiplexoresConocimientos específicos:  Fundamentos de Electrónica (Uso de Voltajes negativos, procesamiento de señales análogas y digitales)Fundamentos de conductores ópticosConocimiento nivel medio HFC / GPON / Redes IPOtros: manejar automovil estandar, licencia vigente de conducirTipo de puesto: Tiempo completoSalario: $11,000.00 - $12,500.00 al mesHorario:RotativoPrestaciones:Aumentos salarialesCaja de ahorroDías de paternidad superiores a los de la leyOpción a contrato indefinidoPrograma de referidosSeguro de vidaTeléfono de la empresaUniformes gratuitosVacaciones superiores a las de leyVales de despensaTipos de compensaciones:Bono de puntualidad",,,2022-08-16T00:00:00,2022-10-14,FULL_TIME
16,INGENIERO COMERCIAL,Expertos RH,México,Naucalpan,120000,180000,MONTH,MXN,"Perfil: Ingeniería concluidaExperiencia no necesariaBuena presentaciónActividades: Ventas telefónicasContacto con clientesSeguimiento a pedidosManejo de base de datosEnvío y seguimiento de cotizacionesOfrecemos: Sueldo inicial: $10,000 a $ 15,000 netos mensualesPrestaciones de LeyPrestaciones superioresPlan de desarrollo a corto plazoLugar de trabajo: A 5 minutos caminando del metro cuatro caminos, Parque ToreoRequisito indispensable: Vivir a menos de una hora de distanciaHorario: Lunes a Viernes de 08:00 a 18:00 horasINTERESADOS ENVIAR CV CON FOTOGRAFÍA FORMATO PDFTipo de puesto: Tiempo completoSalario: $10,000.00 - $15,000.00 al mesPrestaciones:Descuentos y precios preferencialesSeguro de gastos médicosSeguro de gastos médicos mayoresSeguro de la vistaSeguro dentalSeguro de vida",,,2022-09-12T00:00:00,2022-10-14,FULL_TIME
17,Becario de Ofertas y Licitaciones,Fundación Nemi A.C.,,,108000,108000,MONTH,MXN,"¡BECARIOS NEMI está en búsqueda de nuevos talentos como tú! Si quieres ser parte de en un programa que te ayude a reforzar tus conocimientos, además de aprender y desarrollar nuevas habilidades para el inicio de tu vida profesional, esta es tu oportunidad.Puedes desarrollar un proyecto relacionado a tu formación académica con uno de nuestros aliados en el giro de los productos médicos para el sector salud.¿Qué necesitas para participar?· Estar estudiando algunas de las siguientes licenciaturas o ingenierías:Tecnologías de la información, Economía, Ingeniería industrial, Ingeniería en sistemas, Actuaría, Gestión de ventas o afín.· Ser estudiante a partir de 7° semestreSi tienes alguno de éstos conocimientos extras, te servirá mucho:· Inglés básico-intermedio· Excel Intermedio· Bases de datos· Análisis de información· DashboardsAdemás de tu experiencia obtendrás:· Beca mensual de $9,000· 6 horas de aprendizaje diarias, horario matutino· Seguro contra accidentes· Acompañamiento en tu estadía en el programa· Liberación de prácticas profesionalesUbicaciónAdvanced Sterilization ProductsAv. Santa Fé #94 | Torre A Piso 8 Ciudad de México, Alvaro Obregón 01210 | MéxicoHabilidades Requeridas· Creativo· Dinámico· Analítico· Dispuesto a aprenderTipo de puesto: Medio tiempoHoras de medio tiempo: 6 por semanaSalario: $9,000.00 al mesHorario:Horario flexibleLunes a viernesTurno matutinoPrestaciones:Horarios flexiblesPregunta(s) de postulación:¿Qué carrera estás estudiando?¿Qué semestre estás cursando?¿Cuántos semestres te faltan para concluir la carrera?¿Cuál es tu promedio general hasta el momento?",,,2022-09-09T00:00:00,2022-10-14,PART_TIME
18,Analista de Datos,ti-s,,,144000,168000,MONTH,MXN,"En ti-s estamos buscando analistas de operaciones con un gran dominio de excel y macros programadas con VBA, que monitoreen la correcta ejecución de diferentes procesos a través de plataformas tecnológicas de la empresa, así mismo, la definición, análisis y correcto funcionamiento de layouts de datos y que puedan analizar y manipular volúmenes importantes de datos, tengan facilidad de trabajo con información electrónica (datos, tablas, bases, documentación, etc.) y que cuenten con una gran actitud de servicio al cliente, con un alto nivel analítico, facilidad numérica y pensamiento lógico, ordenado y con excelentes habilidades de comunicación con clientes finales.RequisitosLicenciatura en administración, sistemas, actuaría , ingeniería o afín (titulo no necesario) ó Trunco.Hard SkillsExperiencia mínima de 1 año en manejo y análisis de Base de Datos, Macros y manipulación de datos con Excel (tablas dinámicas, power pivot, consultas y reportes).Fórmulas y formatos a nivel medio, administración y análisis de bases de datos, cruces de información, generación y actualización de macros.Generación de formularios y consultas.Elaboración de presentaciones ejecutivas, responder correos, generación de documentación.Análisis de información.Realizar consultas.Experiencia mínima de 1 año en manejo de macros (no wizard) – visual basic SCRIPTConocimiento básico de lenguaje SQL para AccessExperiencia en paquetería OFFICE 2010 – ingles (Power Point, Visio, Word, Excel, Acces, Visio)Soft SkillsActitud de servicio, 100% enfocado al cliente.Experiencia en trato con clientesBuena comunicación, dicción y habilidades interpersonales que le permitan comunicarse claramente con los clientesBuena ortografíaCapacidad para solucionar problemasPaciencia, empatía, amabilidadTrabajo en equipoTrabajo bajo presiónCumplimiento de metasFuncionesAnálisis y validación de información.Ejecutar de forma correcta los movimientos (altas, bajas y cambios) solicitados por usuarios internos, en los sistemas de la empresaSeguimiento diario de la correcta emisión de datos.Cumplimiento de actividades de acuerdo a cronogramas de trabajoQue ofrecemosEstabilidad económicaContratación 100% nóminaCapacitación constanteApoyo en obtención de certificacionesExcelente ambiente laboralTipo de puesto: Tiempo completo, TemporalSalario: $10,000.00 - $14,000.00 al mes brutosTipo de puesto: Tiempo completo, Por tiempo indeterminadoSalario: $12,000.00 - $14,000.00 al mesHorario:Turno de 8 horas",,,2022-09-05T00:00:00,2022-10-14,FULL_TIME
19,Ingeniero de datos,Paxia,,,300000,420000,MONTH,MXN,"Estamos en busca de un Ingeniero de datos que cuente con experiencia en el uso de estrategias y herramientas que sirven para transformar información en conocimiento, con el objetivo de mejorar el proceso de toma de decisiones y esto nos permita asesorar a nuestros clientes.Comprometido, autodidacta, analítico, buena comunicación, criterio y razonamiento lógico para la resolución de problemas.Dentro de las responsabilidades: Construcción de componentes de integración en ETL, diseño datawarehouse y modelos BI para una mejor explotación en herramientas de inteligencia de negocios.Diseño y ejecución de pruebas unitarias.Modelado de datosDesarrollar las Bases de Datos y programación en los diferentes lenguajes para facilitar la manipulación de la información y la minería de datos.Diseño y elaboración de analíticos a través de Power BI.Visualizar la información y el software Power BIReporte de avances de proyectos, mejoras o incidencias.Ubicar y extraer de forma oportuna la informaciónConocimientos: Administración de servidores SQL,Dominio del lenguaje SQL (DML y DDL),Bases de datos relacionales y no relacionales,Consultas a bases de datos, recopilación, visualización y análisis exploratorio de datosCreación y diseño de procesos ETLData Ware HouseData Mining.Ofrecemos: Salario base $ 25,000 - $35,000Prestaciones de ley y paquete de beneficios adicionales.Horario y modalidad laboral: Lunes a viernes 9:00-18:30 horas. Modalidad remota por contingenciaDisponibilidad. Para cobertura de guardias en fin de semana y días festivoTipo de puesto: Tiempo completoSalario: $25,000.00 - $35,000.00 al mesHorario:Turno de 8 horasPrestaciones:Caja de ahorroSeguro de vidaVacaciones adicionales o permisos con goce de sueldo",,,2022-08-16T00:00:00,2022-10-14,FULL_TIME
20,ESPECIALISTA EN ANÁLISIS DE BASES DE DATOS,Call Center de México,,,180000,180000,MONTH,MXN,"Empresa líder en tecnología solicita ESPECIALISTA EN ANÁLISIS DE INFORMACIÓN EN BASES DE DATOSREQUISITOS: Aptitudes analíticas y numéricas desarrolladas.Manejo de excel intermedio / avanzado.Carreras afines: Matemáticas, Administración, Economía, Finanzas, Actuaría e Ingeniería Industrial.INDISPENSABLE: Experiencia mínima de un año trabajando con bases de datos.Nociones básicas en pricing ó inventarios.TE OFRECEMOS: Jornada laboral de 9:30 AM a 6:30 PM.Lugar de trabajo: Reforma CDMX (100% presencial).Prestaciones de LeySueldo mensual: $15,000 netosTipo de puesto: Tiempo completo, Por tiempo indeterminadoSalario: $15,000.00 al mesHorario:Turno de 8 horasPrestaciones:Vacaciones adicionales o permisos con goce de sueldoExperiencia:análisis de Bases de datos: 1 año (Deseable)",,,2022-09-05T00:00:00,2022-10-14,FULL_TIME
21,Analista de Procesamiento de Datos Junior,Atlantia Search,,,120000,120000,MONTH,MXN,"Esta vacante viene de la bolsa de empleo Talenteca.com
Buscamos un/a apasionado/a por el análisis de información e indicadores que contribuya a proyectos de investigación de mercados.
Responsabilidades principales:
Tratar información y generar análisis para el cálculo de indicadores de negocio.
Integrar reportes ejecutivos y reportes completos de resultados de proyectos de investigación de mercados asignados.
Realizar presentaciones internas de resultados y dar soporte en presentaciones con clientes.
Manejar comunicación directa con clientes y atender solicitudes especiales de análisis con ellos.
El perfil que buscamos:
Gran compromiso, trabajo de calidad y alto rendimiento poniendo siempre en el centro al cliente.
Te encanta trabajar con datos numéricos, herramientas de análisis, ir más allá de la data para generar insights que puedan ser clave y fácilmente accionables para el cliente. Eres conocido por tu orientación a detalle, calidad y organización personal.
Expectativas:
Esta posición tiene un gran impacto en proyectos clave de la compañía por lo que la calidad de tu trabajo y comunicación será impecable.
Buscamos un perfil numérico/cuantitativo por lo que el uso de excel avanzado es indispensable.
No necesitas experiencia específica en investigación de mercados pero sí tener nociones e interés en los negocios, marketing y tecnología.
Tener la capacidad de generar análisis para conclusiones y recomendaciones de la data que trabajas.
Requisitos del empleo:
Excel -Avanzado. Comprobable durante el proceso de selección.
Powerpoint - Intermedio.
Experiencia mínima de 2-3 años en el tratamiento de bases de datos en Excel.
Habilidades: proactividad, alta capacidad de análisis, capacidad de trabajo bajo presión, excelente comunicación efectiva, alta orientación a resultados y alta orientación a detalle.
Inglés – 60%
Carreras prioritarias: Economía, Estadística, Matemáticas, Ingeniería Industrial, Actuaría, Negocios con alta experiencia en tratamiento de datos.
Posición de trabajo remota.
Lo que puedes esperar:
Prestaciones de Ley - Contratación directa.
Vales de despensa

Trabajo remoto.
Trabajo en equipo dinámico, cordial, multicultural.
Esta vacante viene de la bolsa de empleo Talenteca.com: https://www.talenteca.com/mexico/empleo/benito-juarez/analista-de-procesamiento-de-datos-jr-/611ff2992600004500546b41t5?source=indeed",Audiovisual y medios de comunicación,,2022-09-10T00:00:00,2022-10-14,FULL_TIME
22,Ingeniero de datos,El Puerto de Liverpool,,,-1,-1,,MXN,"Descripción empresa:
El Puerto de Liverpool es la empresa líder en tiendas departamentales en México. Con más de 170 años en el mercado, nos dedicamos a facilitar la selección de productos y brindarles el mejor servicio a las familias mexicanas, esperando superar las expectativas de calidad, moda, valor y atención dentro de un ambiente agradable. Contamos con oficinas centrales, más de 100 tiendas departamentales, centros comerciales, boutiques, centros de distribución y bodegas logística.

Nuestra misión es servir al cliente en todo lugar, todos los días, toda la vida, nuestra visión es ser la mejor opción en servicio, surtido y valor. Nuestros valores nos guían hacia el trabajo en equipo, productividad, innovación e integridad.

Somos una empresa innovadora y en constante evolución, sabemos la importancia de transformar a nuestros negocios a través de nuestros colaboradores

Misión del cargo:
Integración, modelado y arquitectura de datos para la generación de indicadores de negocio.

Funciones del cargo:
¿Te apasionan los datos?

En esta posición, dentro del equipo del MIS (Management Information Sistem), podrás ser el responsable de la extracción, consulta y análisis de información del área de negocios financieros. También podras desarrollar los procesos de automatización, compilar indicadores y automatizarlos.

Contamos con horario híbrido, una parte de tu día trabajarás en el Corporativo Mario Pani (Santa Fe) y por la tarde de manera remota:

Lunes a Jueves: Corporativo 7:00 a 13:00 hrs. / Remoto 16:00 a 18:00 hrs. / Viernes 7:00 a 13:00 hrs.

Lunes a Jueves Corporativo 8:00 a 14:00 hrs. / Remoto 16:00 a 18:00 hrs. / Viernes 8:00 a 14:00 hrs.

Lunes a Jueves Corporativo 9:00 a 14:30 hrs. / Remoto 16:00 a 18:00 hrs. / Viernes 9:00 a 14:30 hrs.

Contamos con opción de transporte (sujeto a disponibilidad).

Requisitos:
SQL AVANZADO
Proceso de ETL
Conocimiento GCP

Condiciones Oferta:Beneficios:
Te proponemos ser parte de una de las compañías más reconocidas de México y vivir una cultura donde:

Las personas son lo más importante de nuestra cultura.
La calidad de vida es fundamental.
La diversidad es vista y vivida como parte del éxito.
Ser dueño de tu carrera profesional.
Trabajar en un ambiente de constante aprendizaje y retos profesionales.
Beneficios por ser parte de nuestra vida (SGMM, utilidades garantizadas, bono por resultados, bono de automóvil, caja de ahorro, vales de despensa, descuentos especiales y un excelente ambiente de trabajo).
Programas de desarrollo constantes, tanto para habilidades blandas como habilidades técnicas.
Acceso a la Universidad Virtual Liverpool, donde puedes estudiar una licenciatura, maestría o perfeccionar el idioma inglés.

Para nosotros los colaboradores son el eje central y buscamos brindar un lugar atractivo para trabajar en el cual, la inclusión, calidad de vida y bienestar son fundamentales para el desarrollo humano y profesional

Descripción Proceso de Selección:
El proceso de selección se realiza a través de Aira

Para postularte solo necesitas lo siguiente

1. Aplicar en la oferta de tu interés.
2. Revisar tu email, ya que nuestro contacto será por este medio.
3. Ingresar a Aira y contestar las preguntas y/o pruebas solicitadas

¡Listo! Comienza tu proceso con El Puerto de Liverpool.

Recuerda revisar de manera continua tu correo para conocer tu avance en el proceso.",Ventas al mayoreo y al menudeo,,2022-09-08T00:00:00,2022-10-14,FULL_TIME
23,Ingeniero de servicios de planta interna,MEGACABLE COMUNICACIONES,México,Atlacomulco,96000,96000,MONTH,MXN,"MISIÓN DEL PUESTO: Asegurar el soporte a la implementación, operación y mantenimiento de los sistemas de Video, Datos, Voz y RF que mantienen los servicios que ofrece Megacable a sus suscriptores, atendiendo las órdenes de trabajo y folios de atención generados en la plaza para garantizar la correcta operación y entrega de los servicios al suscriptor.FUNCIONES: Asegurar la operación y continuidad de los servicios de video, monitoreando y ejecutando rutinas de revisión y control para medir la calidad y continuidad de los serviciosMantener correctos los niveles de operación de la red interna de RF, midiendo con un analizador de espectro a la salida de equipos, a la entrada de los equipos de combinación y/o división, así como en los puntos de pruebas de transmisores y receptores de cada sitio para garantizar los correctos niveles de operación establecidos por la empresaDar mantenimiento de red HFC (Nodos) en Hub mediante recursos técnicos con los que cuenta el área para mantener los equipos optoelectrónicos operando correctamenteCompletar los diversos check list establecidos como control y supervisión de los servicios ofrecidos en cada sitio, documentando los trabajos realizados y llenando los formularios correspondientes en línea para garantizar la operación y atención de irregularidades que se puedan dar en el mismoREQUISITOS: Licenciatura/ingeniería en Electrónica y Telecomunicaciones o a finExperiencia de 6 meses en equipos de recepción satelital análoga y digitalFundamentos de Electrónica (Uso de Voltajes negativos, procesamiento de señales análogas y digitales)Fundamentos de conductores ópticosConocimiento nivel medio HFC / GPON / Redes IP receptores, moduladores, demoduladores, encoders y multiplexoresLicencia tipo chóferOFRECEMOS: Sueldo baseSeguroVacacionesAguinaldoFondo de ahorroVales de despensaTipo de puesto: Por tiempo indeterminadoSalario: $8,000.00 al mesHorario:Turno de 8 horasPrestaciones:Caja de ahorroOpción a contrato indefinidoSeguro de vidaVales de despensaFecha de inicio prevista: 12/09/2022",,,2022-09-02T00:00:00,2022-10-14,FULL_TIME
24,QA Software Tester (Manual y Automatizado) Remoto,Mifiel,Veracruz,Veracruz,540000,696000,MONTH,MXN,"“Quality is never an accident; it is always the result of intelligent effort.” – John Ruskin¿Te emocionas cuando te enfrentas a nuevos desafíos? ¿Te gustaría trabajar en un producto único utilizando tecnologías innovadoras como la criptografía y blockchain?Somos una compañía que tiene dos servicios en línea (Mifiel, una plataforma de firma electrónica y Volabit una plataforma de intercambio de criptomonedas) con clientes en todo México. Nuestras plataformas son usadas por individuos, compañías financieras y transnacionales.En esta posición identificarás, junto con el equipo de liderazgo, defectos en el producto durante sus etapas tempranas de desarrollo con un enfoque más preventivo que reactivo.Además, podrás desarrollar y ejecutar planes y casos de pruebas para validar las especificaciones del producto.Requisitos indispensables: Estudios en ingeniería.Al menos 2 años de experiencia en testing manual y 1 año en testing automatizado.Experiencia trabajando con productos de software in-house.Experiencia aplicando tecnologías de automatización de pruebas en piezas de software, como Selenium, Testim, Kobiton, Appium o similares.Experiencia realizando pruebas caja negra y pruebas funcionales, no funcionales, regresión y smoke test.Experiencia en System y Acceptance testing.Experiencia en diferentes técnicas para diseño de casos de prueba, como clases de equivalencia.Conocimiento de los diferentes niveles, métodos y tipos de software testing para aplicarlos de acuerdo a las necesidades de pruebas del producto.Puntos extra si tienes: Conocimiento en Integration y Unit testing.Experiencia en performance y security testing.Conocimiento básico de bases de datos relacionales.Experiencia en API testing.Inglés leído intermedio.Responsabilidades: Documentar clara y detalladamente los planes, casos de prueba y resultados de ejecución de pruebas para que el resto del equipo pueda comprender y resolver de forma ágil los defectos.Analizar las incidencias del producto y oportunidades en el proceso periódicamente para identificar, analizar y proponer mejoras en ambos.Implementación y mantenimiento de test (integración, API, E2E).Colaborar con el resto del equipo de producto para facilitar la prevención de defectos.Para tener éxito en la posición, debes ser una persona: Orientada al detalle para detectar defectos y errores en el producto, idealmente en sus etapas más tempranas de desarrollo.Creativa y analítica para identificar y seleccionar eficientemente los casos de prueba a ejecutar.Con excelentes habilidades de comunicación verbal y escrita para transmitir oportunamente al equipo las incidencias en el producto.Para tener éxito en Mifiel, debes ser una persona: Líder (sin importar la posición).Curiosa, que busca aprender constantemente.Proactiva, analítica y solucionadora de problemas.Resiliente y altamente adaptable.Que comunica de manera clara.Enfocada y automotivada.Ofrecemos:Salario mensual bruto entre $45,000.00 a $58,000.00 MXN (salario neto entre $ 35,000.00 a $43,000.00MXN) (dependiendo el nivel de experiencia)12 días de vacaciones pagadas al año, pero puedes tomarte más días si así lo deseas sin goce de sueldo.Hasta $6,000 pesos al año para cursos, conferencias, libros, etc. que ayuden a tu desarrollo profesional y personal.Horario flexible (en general lunes a viernes de 9:30 - 10:30 a 5:30 - 6:30, sin fines de semana).Nuestra oficina está ubicada en Guadalajara (por el Hotel Riu) pero estamos abiertos a trabajo remoto, o híbrido, tú decides.Gran ambiente de trabajo. Nuestra estructura es horizontal, buscamos profesionales que se apropien de su trabajo, capaces de tomar decisiones dentro de su área. Si eres una persona proactiva, que le gusta proponer soluciones y mejoras, este es el lugar para ti.¿Tienes las características que buscamos?Te invitamos a postularte a la vacante.¡Gracias por tu interés!Tipo de puesto: Tiempo completo, Por tiempo indeterminadoSalario: $45,000.00 - $58,000.00 al mesHorario:Turno de 8 horasPrestaciones:Aumentos salarialesDescuentos y precios preferencialesDías por enfermedadHorarios flexiblesOpción a contrato indefinidoSeguro de gastos médicos mayoresTrabajar desde casaVacaciones adicionales o permisos con goce de sueldoConsideraciones ante el COVID-19:Somos una compañía remota y cuando es necesario presentarse a la oficina se mantiene protocolos de distancia.",,,2022-08-31T00:00:00,2022-10-14,FULL_TIME
25,Analista de Datos,TRES R,,,180000,180000,MONTH,MXN,"Esta vacante viene de la bolsa de empleo Talenteca.com
Empresa líder en tecnología solicitaANALISTA DE DATOS
REQUISITOS:
Aptitudes analíticas y numéricas desarrolladas.
Manejo de excel intermedio / avanzado.
Carreras afines: Matemáticas, Administración, Economía, Finanzas, Actuaría e Ingeniería Industrial.
INDISPENSABLE:
Experiencia mínima de un año trabajando con bases de datos.
Nociones básicas en pricing ó inventarios.
TE OFRECEMOS:
Jornada laboral de 9:30 AM a 6:30 PM.
Lugar de trabajo: Reforma CDMX (100% presencial).
Prestaciones de Ley
Sueldo mensual: $15,000 netos
Esta vacante viene de la bolsa de empleo Talenteca.com: https://www.talenteca.com/mexico/bolsa-de-trabajo-tres-r/empleo/cuauhtemoc/analista-de-datos/631680092d00004b00241131t1?source=indeed",,,2022-09-05T00:00:00,2022-10-14,FULL_TIME
26,Analista de Bases de Datos,TRES R,,,180000,180000,MONTH,MXN,"Esta vacante viene de la bolsa de empleo Talenteca.com
Empresa líder en tecnología solicitaESPECIALISTA EN ANÁLISIS DE DATOS
REQUISITOS:
 Aptitudes analíticas y numéricas desarrolladas.
 Manejo de excel intermedio ó avanzado.
 Carreras afines: Matemáticas, Administración, Economía, Finanzas, Actuaría e Ingeniería Industrial.
INDISPENSABLE:
 Experiencia mínima de un año trabajando con bases de datos.
 Nociones básicas en pricing ó inventarios.
TE OFRECEMOS:
 Jornada laboral de 9:30 AM a 6:30 PM.
 Lugar de trabajo: Reforma CDMX (100% presencial).
 Prestaciones de Ley
 Sueldo mensual: $15,000 netos
Esta vacante viene de la bolsa de empleo Talenteca.com: https://www.talenteca.com/mexico/bolsa-de-trabajo-tres-r/empleo/cuauhtemoc/analista-de-bases-de-datos/631641af2d0000540023fdbat2?source=indeed",,,2022-09-05T00:00:00,2022-10-14,FULL_TIME
27,Practicante de Calidad,FFT MEXICO SA DE CV,Puebla,Puebla,72000,72000,MONTH,MXN,"Ingeniería Industrial, mecánica, mecatrónica o sistemas automotricesApoyo en actividades relacionadas a calidadManejo de bases de datosReportesTipo de puesto: Tiempo completoSalario: Hasta $6,000.00 al mesHorario:Turno matutinoIdioma:Inglés (Deseable)Fecha límite para postularse: 07/08/2022",,,2022-08-14T00:00:00,2022-10-14,FULL_TIME
28,Desarrollador de Sotware Junior,IT CONSULTANT,Jalisco,Guadalajara,120000,144000,MONTH,MXN,"Oportunidad como Desarrollador Jr.REQUISITOS:Recién egresado Ingeniería de software, sistemas o afín.Experiencia o conocimiento BASICO lenguajes de desarrollo, SP.net, , JQUERY, JavaScript, C#, Visual Basic.Conocimiento en SQLEstructura de datosLógica de programación.Actitud proactiva y auto didacta. Conocimiento en algún ERPOFRECEMOSPrestaciones de leyHorario flexible y home office.Sueldo de acuerdo a experiencia, aptitudes y actitudesTipo de puesto: Tiempo completoSalario: $10,000.00 - $12,000.00 al mesHorario:Horario flexibleTurno de 8 horasPrestaciones:Trabajar desde casaEducación:Licenciatura terminada (Deseable)",,,2022-09-02T00:00:00,2022-10-14,FULL_TIME
29,AGENTE MESA DE AYUDA,SUKARNE S.A DE CV,Sinaloa,Culiacán,135600,136080,MONTH,MXN,"Empresa líder en la transformación del negocio de carne de res en el mundo esta buscando: AGENTE MESA DE AYUDA para Culiacán, Sinaloa.Objetivo del puesto:  Generar y cumplir las solicitudes de servicio o incidencias para prevenir o minimizar los impactos que afectan la continuidad de las operaciones de las herramientas tecnológicas de la Compañía cumpliendo con los niveles de servicio establecidos.Escolaridad:  Ingeniería o Licenciatura en Tecnologías de Información o afínExperiencia: · 1 año atención al cliente· 1 año Soporte técnico· 1 año Instalación y Configuración de Equipos de CómputoConocimientos: 1. Sistemas operativos (Windows, Linux, Mac)2. Mantenimiento y reparación de equipos de tecnología (Pcs, Laptops, Impresoras, Escáneres)3. Bases de datos (ORACLE, MSSQL)4. Seguridad de la Información5. Operación y configuraciones básicas de ERP SAP (MM, SD, FI, CO, RH, PP)Habilidades: Capacidad de análisis para identificar problemas y resolverlos, Comunicación efectiva (oral y escrita), Atención y alto enfoque al cliente, Enfoque a resultados, Alto apego a procesos, Proactivo Sentido de urgencia.Algunas Funciones: 1. Atender a usuarios de tecnologías por los distintos canales de comunicación establecidos, brindando soluciones y servicios de calidad en los tiempos definidos.2. Asegurar que las solicitudes recibidas cuenten con toda la información requerida para atender y solucionar con calidad y rapidez.3. Identificar la prioridad de las solicitudes y clasificar de acuerdo al impacto operativo, asegurando la atención oportuna y la continuidad de la operación.4. Asegurar la solución efectiva y cierre de cada una de las solicitudes recibidas de primer nivel.5. Aplicar encuestas de satisfacción a los usuarios finales para identificar oportunidades en el proceso de resolución de solicitudesOfrecemos: Prestaciones superiores a las de ley, aguinaldo 30 días, fondo de ahorro, seguro de vida, bono anual de resultados, seguro de gastos médicos mayores (colaborador y familiares directos), caja de ahorro, vales de despensa, apoyo funerario, descuento en tiendas sukarne, salud digna, día de asistencia perfecta, transporte de personal, restaurante.Horarios Rotativos: 5:00 AM - 2:00 PM HOME OFFICE6:30 AM - 5:00 PM HOME OFFICE8:00 AM - 6:30 PM PRESENCIAL5:00 PM - 1:00 AM HOME OFFICETipo de puesto: Tiempo completoSalario: $11,300.00 - $11,340.00 al mesHorario:RotativoTurno de 8 horasPrestaciones:Caja de ahorroEstacionamiento de la empresaSeguro de gastos médicosSeguro de gastos médicos mayoresSeguro de vidaServicio de comedorTrabajar desde casaVales de despensaTipos de compensaciones:Bono anualEducación:Licenciatura terminada (Deseable)Experiencia:Atención al cliente: 1 año (Deseable)Soporte técnico: 1 año (Deseable)Reparación de PC: 1 año (Deseable)SQL: 1 año (Deseable)Linux: 1 año (Deseable)",,,2022-08-30T00:00:00,2022-10-14,FULL_TIME
30,Ingeniero(a) de Base de Datos,OTC080114C30,Quintana Roo,Playa del Carmen,-1,-1,,MXN,"Escolaridad
Licenciatura en Sistemas o afín

Experiencia y Conocimientos
Administración de bases de datos SQL Server
Experiencia en Oracle
Fundamentos de programación
Conocimiento en Appdynamics
100% remoto",,,2022-09-05T00:00:00,2022-10-14,OTHER
31,Recién Egresado Ingeniero. Eléctrico o Industrial,Excelencia Consultores en Recursos Humanos,,,120000,120000,MONTH,MXN,"Esta vacante viene de la bolsa de empleo Talenteca.com

Buscamos talento recién egresado de Ingeniería Eléctrica o Industrial para apoyar en el área de Adquisición de Equipo y material eléctrico.

Requisitos:
Recién egresado en Ing. Eléctrica o Industrial.
Inglés técnico.
Manejo de paquetería Office.
Experiencia de 1 año en prácticas profesionales o servicio social
Conocimiento en material y equipo eléctrico.
Disponibilidad para trabajo presencial y tiempo completo.
Busque desarrollarse en empresa del sector eléctrico a nivel industrial.

Funciones:
Elaboración de Ofertas Tecnico Comerciales.
Recopilar información necesaria para el desarrollo de ofertas, buscar y seleccionar datos e informaciones de proyectos similares anteriores y organizar el contenido de la documentación y presentación física..
Apoyar en el proceso de selección y evaluación de proveedores a los departamentos que lo soliciten.
Solicitar y analizar las diferentes ofertas recibidas para la adquisición de bienes y servicios .
Definir y gestionar la configuración de la oferta integrando los diferentes apartados para presentar una oferta competitiva al cliente.

Competencias:
Análisis.
Trabajo en equipo
Comunicación asertiva.

Generales:
Zona de trabajo: Alcaldía Miguel Hidalgo
Tiempo completo de lunes a viernes.
Trabajo presencial 100%
Sueldo ofrecido: $10,000 a $12,000 brutos.
Prestaciones de ley.

Esta vacante viene de la bolsa de empleo Talenteca.com: https://www.talenteca.com/mexico/empleo/miguel-hidalgo/recien-egresado-ing-electrico-o-industrial/63090e6c2c00004b00445dd6t1?source=indeed",,,2022-08-26T00:00:00,2022-10-14,FULL_TIME
32,INGENIERO DATOS,SUKARNE S.A DE CV,Sinaloa,Culiacán,216000,224880,MONTH,MXN,"Empresa líder en la transformación del negocio de carne de res en el mundo esta buscando:INGENIERO DATOSObjetivo del puesto: Asegurar la ejecución de implementaciones de carga, extracción y transformación de datos en el Data WareHouse a través de Power Center, SAP BW, SAP Data Services, Oracle, SQL y/o tecnología actual para la explotación de información de las diferentes fuentes con las que cuenta la Compañía.Ingeniería en Sistemas, Licenciatura en Sistemas o afínExperiencia:1 a 2 años Modelado de datos Multidimensional, y DataWarehouse1 a 2 años Construcción de extracciones a través del uso de ETL.1 a 2 años Modelado de base de datos1 a 2 años Manejo de herramientas de Reporteo BIConocimientos:1. Creación de modelos de datos, reporting y explotación de sistema2. Manejo de bases de datos Oracle, MySQL, SQL, BIG Query3. Manejo de la suites de Informática Power Center (Deseable)4. Power BI (Deseable)5. SAP Data Services (Deseable)6. Warehouse (SAP BW)7. SQL Server Business Intelligence (Deseable)Habilidades:Trabajo en Equipo, Comunicación Efectiva, Negociación, Analítico, PlaneaciónAlgunas Funciones:· Asegurar que los desarrollos implementados estén alineados a los estándares, políticas y niveles de servicio establecidos, garantizando la integridad de la información.· Desarrollar Mapas, Workflows y procesos de ETL para la solución de requerimientos tecnologicos solicitados por la compañia.· Asegurar la creación, modificación y optimización de consultas para un desempeño del Data Warehouse para el cumplimiento de los niveles de servicio establecidos.· Construir los RDPs, Tuberias, Tableros de indicadores e informes necesarios para cumplir con los requerimientos solicitados por la compañía· Asegurar que el ciclo de vida del desarrollo de los RPDs, Tuberias y Tableros de indicadores cumplan con los patrones de diseño y documentos de estandarización para acelerar la curva de aprendizaje de nuevos colaboradores.Ofrecemos:Prestaciones superiores a las de ley, aguinaldo 30 días, Vales de despensa, fondo de ahorro, seguro de vida, bono anual de resultados, seguro de gastos médicos mayores (colaborador y familiares directos), caja de ahorro, apoyo funerario, descuento en tiendas sukarne, salud digna, día de asistencia perfecta, transporte de personal, restaurante.Esquema de trabajo HibridoLunes a viernes de 8:00am a 6:30 pmTipo de puesto: Tiempo completoSalario: $18,000.00 - $18,740.00 al mesHorario:Turno de 8 horasPrestaciones:Caja de ahorroEstacionamiento de la empresaSeguro de gastos médicos mayoresSeguro de vidaServicio de comedor con descuentoTrabajar desde casaVales de despensaTipos de compensaciones:Bono anual",,,2022-09-08T00:00:00,2022-10-14,FULL_TIME
33,Ingeniero geomatico,CORDINA-SACMAG,,,192000,216000,MONTH,MXN,"GRUPO SACMAGempresa líder en Consultoría, Análisis, Evaluación, Diseño, Coordinación y Supervisión de proyectos de Ingeniería y Arquitectura, Solicita: Ing. Geomático para formar parte de su equipo de trabajo.Requisitos: Ingeniero Geomatico, Lic. en geografía, Ing. en topografíaTitulo y cédula profesionalIndispensable buen manejo de base de datosConocimientos básicos de sistemas de Georreferenciación.Uso básico de Softwares GIS (Sistemas de Información Geográfica) específicamente QGIS.Preferentemente conocimientos o experiencia en infraestructura carretera.2 a 3 años de experiencia en puesto similarOfrecemos: Salario de acuerdo a experienciaPrestaciones de leySeguro de vidaContratación directa por nosotrosPlan de desarrollo profesionalInteresados postularse por este medio con cv actualizado o compartirlo vía whatsapp al 5533738819Tipo de puesto: Tiempo completoSalario: $16,000.00 - $18,000.00 al mesHorario:Turno de 8 horasTipos de compensaciones:Bono anual",,,2022-09-13T00:00:00,2022-10-14,FULL_TIME
34,Ingeniero de Records,AEROTRANSPORTES MAS DE CARGA,,,300000,360000,MONTH,MXN,"MAS Aerolínea de carga mexicana que inició sus operaciones en abril de 1992 y que ha sido desde entonces, referente en nuestro país como una de las más innovadoras en sus procesos, así como en lo moderno de su flota busca cubrir la posición de:Ingeniero de RecordsRequisitos: Ingeniería en AeronáuticaProgramación y control del Mantenimiento, entrega y devolución de aeronaves.Manejo de Paquetería Office, Programas de administración de mantenimiento bases de datos, página de Boeing.Conocimientos: Validar, Ordenar y resguardar los documentos resultantes del Programa de Mantenimiento de las aeronaves .Validar, Ordenar y resguardar los documentos resultantes de servicios mayores de la flota con los diferentes proveedores de servicios.Si cumples con los requisitos, postula, forma parte de la familia MAS.¡Juntos Somos Mas!Tipo de puesto: Tiempo completoSalario: $25,000.00 - $30,000.00 al mesHorario:Turno de 8 horas",Transporte y logística,,2022-09-12T00:00:00,2022-10-14,FULL_TIME
35,Especialista en Automatización Marketing Digital - Home Office,Universidad Tecnológica Latinoamericana en Línea (UTEL),México,Ciudad de México,216000,216000,MONTH,MXN,"Especialista en automatización - Marketing Digital(Home Office)UTELUtel está re-definiendo la educación superior. Hace 10 años nacimos como la primera universidad 100% en línea de México, ofreciendo experiencias de aprendizaje que preparan al talento del futuro. ¡Estamos buscando al equipo que seguirá re-definiendo la educación en México y el mundo.¿Qué harás como Especialista de automatización ?AutomatizaciónAnálisis de datosSegmentación de Base de datos (tanto en. plataformas como en excel)Envío de mailing, sms, whatsAppCreación y configuración de flujos de trabajo (Workflows)Creación de diagramas de flujo para modelos de trabajos¿Qué esperamos de ti?Que tengas Licenciatura en Mercadotecnia, Ingeniería Industrial, Ingeniería en Sistemas, Ciencias de Comunicación, Marketing o Administración de Empresas.Mínimo 3 años de experiencia en herramientas de automatización, manejo de SMS.Conocimientos y experiencia necesarios en Automatización, Hubspot, Inbound Marketing, email marketing, SMS (necesario)Deseable, mdirector e infobip, marketoConocimientos en Inconcert (cómo plus)Manejo de comunicaciones internas o externas.Excelente ortografía y redacciónExcelente capacidad de análisis y solución de problemas.Gran habilidad de trabajo en equipo y excelente comunicación.¿Qué ofrecemos?Sueldo integrado bruto de $18,000Prestaciones de ley. (Seguro social, vacaciones, prima vacacional, aguinaldo)Horario laboral de Lunes a Viernes, de 9 a 6Modalidad: Home Office 100%.Equipo de computoPrestaciones adicionales: Beca 100% para colaboradores, para familiares del 80%, servicio médico, servicio psicológico.Crecimiento profesional.Seguro de vida.Si estás interesado (a) y cubres el perfil, postúlate por este medio.Tipo de puesto: Tiempo completoSalario: $18,000.00 al mesPrestaciones:Descuentos y precios preferencialesOpción a contrato indefinidoSeguro de vidaTrabajar desde casaExperiencia:Marketing digital: 3 años (Deseable)",,,2022-08-24T00:00:00,2022-10-14,FULL_TIME
36,Supply Chain Manager,Etcétera Accesorios,Baja California,Mexicali,600000,624000,MONTH,MXN,"La vacante requiere de:Fuerte experiencia en planeación de MRP (Material Requierments Planning), asegurando un inventario optimo. Planificar, desarrollar y controlar las tareas relacionadas con la adquisición de mercancía e insumos de proveedores nacionales e internacionales. Generar e implementar estrategias para mantener y controlar niveles óptimos de inventario basados en el entorno cambiante y el cumplimiento de los objetivos de la empresa.Establecer políticas de inventario, niveles de existencias de seguridad y asegurarse de que todos los datos de planificación sean precisos para todos los artículos de compra en el sistema ERP para tomar decisiones comerciales a tiempo.ACTIVIDADESResponsable del abasto oportuno, suficiente y específico de mercancía a tiendas físicas y plataformas electrónicas, analizar los requisitos de mercancía y la planificación semanal.Configurar el MRP y ejecutar estrategias de reposición de productoResponsable de redactar la planeación de compraControlar y organizar los inventarios (producto e insumos)Gestionar el inventario óptimo de acuerdo a la demanda de las sucursales y a las diferentes temporadasNivelación y optimización de inventarioAgilizar el proceso de resurtido de mercancía a tiendas, coordinando y programando los requisitos de proveedores, cambios de demanda, problemas de empaque y entregaCoordinar y dar seguimiento a los responsables de compras, tráfico y aduanas, almacén, producción y distribución y servicios al cliente. (call center)Elaborar y dar seguimiento al presupuesto de comprasActualizar y aplicar las políticas y procedimientos del área que aseguren las metas y objetivos de la empresaMonitorear y desarrollar estrategias para el manejo de mercancía/mermas, materiales e insumos obsoletos almacenados en Cedis para su disposiciónProponer estrategias para el cumplimiento de planes comerciales de la empresa Diseño, actualización y entrega de reportes gerencialesREQUISITOS30 a 35 añosGrado universitario en Ingeniería industrial, comercio internacional o a fin. Maestría (Deseable)Certificación o conocimiento básicos de APICS (Deseable).Idioma inglés fluido3 años de experiencia en puesto similares en compras, logística, almacenes, planner buyerConocimientos de sistemas (ERP o MRP)Habilidad para negociar con proveedoresDominios de paquetería de Microsoft Office (excel avanzado)Orientado a resultados y trabajo en equipo.Habilidad de análisis y aprendizaje rápido.Licencia de conducir y disponibilidad para viajar (visa)Excelente presentaciónINFORMACION DEL EMPLEOLunes a Viernes 7:00am a 5:00pmBonos por productividad trimestrales y anualDescuentos y crédito de empleadoTipo de puesto: Tiempo completo, Por tiempo indeterminadoSalario: $50,000.00 - $52,000.00 al mesHorario:Horario flexibleLunes a viernesTurno de 10 horasTurno matutinoPrestaciones:Descuentos y precios preferencialesEstacionamiento de la empresaEstacionamiento gratuitoPrograma de referidosTrabajar desde casaUniformes gratuitosVales de despensaTipos de compensaciones:Bono anualBono de asistenciaBono de productividadBono de puntualidadBono trimestral",,,2022-09-06T00:00:00,2022-10-14,FULL_TIME
37,Analista de Datos Junior,CTQ,Nuevo León,Monterrey,192000,255195,MONTH,MXN,"Somos una empresa Regiomontana, con más de 52 años en el mercado, líder en su ramo con 13 sucursales a lo largo de la República Mexicana.Perfil: Mayor de edadLicenciatura economía, logística, ingeniería industrial o afines.Experiencia de 2 años trabajando y analizando datos.Experiencia 1 año trabajando en plataformas de visualización como Power BI, Qlik Sense, Tableau para creación de modelo de datos, visualizaciones y paneles.Conocimiento avanzado de Excel: tablas pivote, generación de macros, desarrollo de Queries.Conocimiento en la agregación y manipulación de bases de datos.Conocimiento de estadística descriptiva y predictiva: métodos de predicción.Habilidad de organización y seguimiento, proactividad, trabajo en equipo y trabajo bajo presión.Responsabilidades:· Generación y actualización de reportes en Power BI, Qlik Sense, Excel· Creación de KPI’s, implementación y seguimiento de métricos· Análisis y generación de presentaciones mensuales para Sub-Dirección de Operaciones.· Planeación de la demanda, inventario, punto de reorden y stock de seguridad.· Manejo de inventarioOfrecemos: Estabilidad laboral, todas las prestaciones de ley, bono de puntualidad y beneficios adicionales, plan de vida y carrera, posibilidades de crecimiento en una organización en constante expansión, comedor subsidiado, caja de ahorro.En este centro de trabajo creemos en el talento, todos nuestros procesos de reclutamiento y selección son incluyentes y libres de discriminación. No solicitamos prueba de no ser persona portadora de VIH o/y prueba de embarazo.Tipo de puesto: Tiempo completoSalario: $16,000.00 - $21,266.26 al mesHorario:Turno de 8 horasPrestaciones:Caja de ahorroServicio de comedor con descuentoTipos de compensaciones:Bono de puntualidad",,,2022-09-08T00:00:00,2022-10-14,FULL_TIME
38,ANALISTA DE DATOS,Grupo Trabajo,Yucatán,Mérida,132000,132000,MONTH,MXN,"Perfil: Ingeniería Química, Matemáticas, Física o Actuaría (TITULADO)Promedio final de la carrera mínimo de 9.0 (INDISPENSABLE)Manejo de Excel avanzado (INDISPENSABLE)Actividades: Análisis de datos y elaboración de reportesEvaluación estadística de procesos internos de la empresaDiseño de plantillas y tablas en excelEjecutar y Cumplir con los indicadores establecidosOfrecemos: Sueldo: $11,000 netos mensualesPrestaciones de LeyPrestaciones superioresLugar de trabajo: Av Libano Calle 20 71E, México Nte. 97128 Mérida, YucRequisito indispensable: Vivir a menos de una hora de distanciaHorario: lunes a viernes de 8:00 am a 06:00 pmINTERESADOS ENVIAR CV CON FOTOGRAFÍA FORMATO PDFTipo de puesto: Tiempo completoSalario: $11,000.00 al mesPrestaciones:Descuentos y precios preferencialesSeguro de gastos médicosSeguro de gastos médicos mayoresSeguro de la vistaSeguro dentalSeguro de vida",,,2022-09-12T00:00:00,2022-10-14,FULL_TIME
39,ING. MECÁNICO-LÍDER DE PROYECTO,"GALA ARQUITECTOS E INGENIEROS, S DE RL DE CV",,,264000,288000,MONTH,MXN,"Ing. Mecánico-Líder de proyectoExperiencia de 7 años mínimo: - Coordinación de instalaciones industriales.- Evaluaciones técnicas, Revisión documentos de proveedor- Desarrollo, gestión y control de proyectos electro-mecánicos- Levantamientos en campo- Interpretación de planos multi-disciplinarios de las instalaciones industriales, como:o HVAC, Mecánico tuberías, plomería y de proceso.o Interpretación de planos eléctricos.o Interpretación de planos estructurales.o Interpretación de planos civiles.o Interpretación de planos de SCI- Conocimiento de programas de diseño:Autocad, Revit, Naviswork.- Elaboración de Memorias de Calculo, Planos de Arreglo de Equipo, Diagramas de flujo, Cuadros de equipo.- Conocimiento general de aplicación de normas NFPA y FM Global- Elaboración y/o revisión de catálogos de conceptos, planos y hojas de datosNormatividad: ASHRAE, IND. VENTILATION, SMACNA, NFPA, ASME, NOM.Habilidades:· Bilingüe indispensable· Responsable· Negociación· Proactivo.· Creativo.· Analítico.· Trabajo en equipoTipo de puesto: Tiempo completo, Por tiempo indeterminado, Por obra o tiempo determinadoSalario: $22,000.00 - $24,000.00 al mesHorario:Turno de 8 horasFecha de inicio prevista: 14/09/2022",,,2022-09-12T00:00:00,2022-10-14,FULL_TIME
40,Programador Jr JavaScript,Confidencial,México,Ciudad de México,156000,216000,MONTH,MXN,"Confiamos que el talento humano es el activo más valioso, por ello, estamos convencidos de que el éxito se logra a través de nuestro personal. Si te interesa desarrollarte profesionalmente en un entorno multidisciplinario, dinámico, orientado a resultados y en un enfoque de calidad total, nos interesa conocerte.Te invitamos a formar parte de nuestro equipo de trabajo como:Consultor Programador Jr JavaScriptExperiencia mínima: 1 año.Formación: Ingeniería, Licenciatura en Sistemas, Diseño interactivo o afín.Requisitos indispensables:- Manejo de lenguajes web: HTML, CSS demostrables.- Manejo de Javascript: fundamentos sólidos.- Conocimiento de bases de datos.- Conocimiento básico de diseño responsivo.- Proactiv@, contacto con cliente y atención al detalle.- Autodidacta.- Inglés leido y escrito.Funciones:- Personalización de Software en ERP NetSuite.- Levantamiento de Requerimientos.- Soporte a Clientes.- Atención a tickets e incidencias.Ofrecemos:- Oportunidad de crecimiento y desarrollo.- Prestaciones superiores a Ley después de periodo de prueba.- Entrenamiento constante.** Se aplicará examen de Javascript, HTML y CSS en el segundo filtro de entrevistas.Tipo de puesto: Tiempo completoSalario: $13,000.00 - $18,000.00 al mesHorario:Turno de 8 horasPrestaciones:Opción a contrato indefinidoSeguro de gastos médicos mayoresTrabajar desde casaEducación:Licenciatura trunca o en curso (Deseable)Experiencia:Programación JavaScript: 1 año (Deseable)Idioma:Inglés (Deseable)",,,2022-09-05T00:00:00,2022-10-14,FULL_TIME
41,INGENIERO DE VENTAS TÉCNICAS,Grupo Trabajo,México,Naucalpan,120000,180000,MONTH,MXN,"Perfil: Ingeniería. TituladoPromedio 8.5 (comprobable)Inglés (intermedio)Experiencia laboral, 2 años mínimoBuena presentaciónActividades: Ventas telefónicasContacto con clientesSeguimiento a pedidosManejo de base de datosEnvío y seguimiento de cotizacionesOfrecemos: Sueldo inicial: $10,000 a $ 15,000 netos mensualesPrestaciones de LeyPrestaciones superioresPlan de desarrollo a corto plazoLugar de trabajo: A 5 minutos caminando del metro cuatro caminos, Parque ToreoRequisito indispensable: Vivir a menos de una hora de distanciaHorario: Lunes a Viernes de 08:00 a 18:00 horasINTERESADOS ENVIAR CV CON FOTOGRAFÍA FORMATO PDFTipo de puesto: Tiempo completoSalario: $10,000.00 - $15,000.00 al mesPrestaciones:Descuentos y precios preferencialesSeguro de gastos médicosSeguro de gastos médicos mayoresSeguro de la vistaSeguro dentalSeguro de vida",,,2022-09-12T00:00:00,2022-10-14,FULL_TIME
42,INGENIERO CONSULTOR,Grupo Trabajo,México,Ciudad de México,120000,180000,MONTH,MXN,"Perfil: Ingeniería. TituladoExperiencia laboral, 2 años mínimoBuena presentaciónActividades: Ventas telefónicasContacto con clientesSeguimiento a pedidosManejo de base de datosEnvío y seguimiento de cotizacionesOfrecemos: Sueldo inicial: $10,000 a $ 15,000 netos mensualesPrestaciones de LeyPrestaciones superioresPlan de desarrollo a corto plazoLugar de trabajo: A 5 minutos caminando del metro cuatro caminos, Parque ToreoRequisito indispensable: Vivir a menos de una hora de distanciaHorario: Lunes a Viernes de 08:00 a 18:00 horasINTERESADOS ENVIAR CV CON FOTOGRAFÍA FORMATO PDFTipo de puesto: Tiempo completoSalario: $10,000.00 - $15,000.00 al mesPrestaciones:Descuentos y precios preferencialesSeguro de gastos médicosSeguro de gastos médicos mayoresSeguro de la vistaSeguro dentalSeguro de vida",,,2022-09-12T00:00:00,2022-10-14,FULL_TIME
43,Becario de Finanzas,Kalapata,,,84000,96000,MONTH,MXN,"SEGMAIL: Es una empresa 3PL impulsada por tecnología que se especializa en brindar soluciones logísticas para todo tipo de negocios. Nos encontramos en la búsqueda de un Becario en FinanzasEscolaridad:  Estudiante en 6° semestre en Ingenieria Industrial, Administración, Contabilidad, Finanzas.EDAD: 20 a 25 añosSEXO:  Indistinto.EXPERIENCIA:  Sin experiencia.CONOCIMIENTOS: - Conocimiento y entendimiento de los Estados Básicos financieros y Contabilidad General.- Conocimiento en presupuesto y Forecast.- Integración y descarga de base de datos.- Apoyo en cierre y pre cierre de mes.- Evaluación de movimientos contables y de proyectos de Inversión.- Elaboración y análisis de reportes financieros.- Excel Avanzado.Competencias: ProactivoResponsableBuena capacidad de análisis.Trabajo en equipoActitud de servicioOFRECEMOS: SUELDO: $7.000 a $8.000 Netos + Prestaciones de LeyHORARIO DEL PUESTO:  De 10:00 Hs a 16:00 Hs de Lunes a ViernesTipo de puesto: Tiempo completoSalario: $7,000.00 - $8,000.00 al mesHorario:Turno matutino",,,2022-09-12T00:00:00,2022-10-14,FULL_TIME
44,Coordinador de Servicio al Cliente y Trafico - Vespertino y Nocturno,Fletexpress de Monterrey S.A. de C.V.,Nuevo León,Guadalupe,288000,324000,MONTH,MXN,"Puesto: Coordinador de Servicio al cliente y Trafico.FLETEXPRESS DE MONTERREY S. A. DE C. V.Empresa transportista de carga de terrestre, dedicada a dar servicio a la Industria de Automotriz en México.Atendiendo principalmente los requerimientos de fletes urgentes con cobertura de; Fletes Locales, Nacionales e Internacionales. Con 4 bases logísticas en; Monterrey, Cd. Juárez, Torreón y Obregón. Unidades de 3.5 Ton.Descripción del puesto: Ejecutivo para dar servicio al cliente en temas de logística y fletes, programación de embarques con los operadores y dar seguimiento a los mismos desde origen hasta destino ya sea con unidades propias o de partners; para fletes locales, foráneos e Impo-Expo, rastreo de unidades mediante GPS, generación y manejo de documentación como (Carta Porte, BOL, Facturas, Manifiestos, Pólizas de seguro, DODA, Entry, Reportes en Excel, etc.) y comunicación efectiva dentro y fuera de la empresa.Logística 3PL: Llevar a cabo la negociación con los Partner Carriers, revisando disponibilidad y tratando de conseguir tarifas competitivas para otorgar al cliente la mejor cotización con un margen de utilidad para Fletexpress.Estar en constante búsqueda y desarrollo de nuevos Partners de calidad para expandir nuestra cobertura.Estar en contacto directo con los clientes que le sean asignados, atendiendo sus requerimientos de una manera amable, cordial y efectiva, siempre dispuestos a ofrecer soluciones.Funciones: Seguimiento vía Correo, WhatsApp o llamada telefónica para atender requerimientos del cliente.Coordinación con gerente de tráfico para asignación de unidad y operador.Ser parte de la negociación y cotización con partners y clientes.Revisar disponibilidad con transportistas partners para embarques con unidades no propias.Captura de embarques en agenda electrónica (Excel).Timbrado de Cartas Porte y Facturas Electrónica (CFDI)Elaboración y envío de documentos de embarque y cruce al operador (Pedimento, Entry, Manifiesto, Carta Porte, Bill of lading, Transponder, etc.)Dar seguimiento a unidades vía GPS.Notificar al cliente: Status, ETA y tiempo en tránsito.Solución y comunicación de problemas que se presenten en la ruta de embarque.Actualizar sistema del cliente (TMS) con los tiempos del embarque.Envío al cliente de foto de evidencias de la prueba de entrega.Recabar números de BEAMS y autorizaciones para que la facturación sea más efectiva.Apoyo y soporte a temas no operativos como certificación C-TPAT, Proyectos de mejora, implementación de nuevo software, disminución de costos, verificaciones físico-mecánicas, etc.Forma de trabajo: Establecer una buena relación con los clientes, con la finalidad de cumplir de la mejor manera con las solicitudes de embarques.Eficiente comunicación con el equipo de tráfico y con los operadores con quien se tendrá constante comunicación de información relevante para dichos fletes.Prestar suma atención a los datos de unidad, numero de pallets, peso, dimensiones, placas, etc. para una correcta asignación de equipo de acuerdo a sus capacidades.Dirigirse con los demás departamentos y empresas relacionadas con un trato amable, fomentando los valores como el respeto, disciplina y profesionalismo para dar una buena imagen tanto de la persona como de Fletexpress.El turno consiste en 8 horas: Son 2 Horarios: (1 semana uno y la siguiente el otro)1) Lunes a Viernes: 17:00 hrs - 01:00 am (Home office)2) Lunes a Viernes: 01:00 am - 09:00 am (Home office)Sábados y domingos: (Home Office Rotativo) Un fin de semana se trabaja de guardia y los siguientes 2 no, y así sucesivamente.Rango de Sueldo estimado: $24,000 - $27,000 mensual nominal (negociable) + Prestaciones de ley.Zona de trabajo: Ubicación de Oficina:  Aldama Nte. #536, Col. Centro, Guadalupe, N. L. 67100Requisitos: Licenciado en Negocios Intls. / Ingeniería Industrial o en logística / o carreras afines.1 año mínimo de experiencia en servicio al cliente y/o en empresa de transporte o logística.Disponibilidad inmediata.Dominio de 50% de inglés.Dominio de Microsoft Office.Valores: ProactivoSentido de urgenciaCompromiso con las metas y valores de FletexpressPuntualidadHonestidadTrabajo en equipoResponsabilidadActitud positivaInteresados favor de aplicar a esta oferta enviando su CV e información completa de contacto y el equipo de reclutamiento después de seleccionar, se pondrá en contacto con usted a la brevedad.Tipo de puesto: Tiempo completo, Por tiempo indeterminadoSalario: $24,000.00 - $27,000.00 al mesHorario:Incluye fines de semanaNocturnoTurno de 8 horasTurno vespertinoPrestaciones:Opción a contrato indefinidoEducación:Bachillerato terminado (Deseable)",,,2022-09-03T00:00:00,2022-10-14,FULL_TIME
45,Data Analyst,Confidencial,México,Ciudad de México,360000,480000,MONTH,MXN,"Data AnalystDescripciónIngeniero de datos, indispensable que cuente con 4 años o más de experiencia comprobada en el rol de Data Analyst.Sueldo de $30,000 a $40,000 pesos en función de aptitudes y experiencia, con posibilidades de crecimiento en el corto plazo + Prestaciones de ley + Seguros de gastos médicos mayoresResponsabilidades: Responsable de crear y mantener canalizaciones de datos para proyectos asignadosRealizar manipulaciones de datos complejas para prepararlos para el análisis/modeladoAnalizar datos para evaluar la calidad de los datos y proporcionar información al negocioRequisitos: Inglés avanzado y fluido.Conocimientos matemáticos adecuados.Sólidas habilidades de análisis estadístico.Fuertes habilidades analíticasFuertes habilidades de manipulación de datos estructurados y no estructuradosExperiencia con herramientas de creación de dashboardsExperiencia en construcción de querysExperiencia en producción de reportesExperiencia en el uso de estrategias y herramientas de Business IntelligenceConocimiento avanzado de tablas dinámicas en ExcelEn general, profesionista con una carrera en ingenierías afines a Tecnologías de Información o ingeniería industrial, requiere 4 o más años de experiencia en el rol de Data Analyst.Ofrecemos: -Sueldo de $30,000 a $40,000 pesos.-Seguro de gastos médicos mayores.-Prestaciones de ley.-Trabajo remoto.Tipo de puesto: Tiempo completoSalario: $30,000.00 - $40,000.00 al mesHorario:Turno de 8 horasPrestaciones:Seguro de gastos médicosTrabajar desde casa",,,2022-09-13T00:00:00,2022-10-14,FULL_TIME
46,Supervisor de instalaciones eléctricas,CONSULTORES V,,,420000,420000,MONTH,MXN,"Importante empresa en Gerencia de Obra, solicita para su puesto de SUPERVISOR DE INSTALACIONES, Ingeniero encargado de revisión de proyectos en Instalaciones:· Eléctricas· Hidráulicas· Sanitarias· Pluvial· HVAC· Sistema conta incendios.· Voz y Datos· Especiales.Contar con amplia experiencia en:· Supervisión de obra· Revisión De Proyectos· Manejo de AutoCAD MEDIO· Trabajo Bajo PresiónPerfil de Solicitantes:· Ingeniero Eléctrico· Ingeniero Electromecánico· Ingeniero mecánicoAños de Experiencia:· 5 AÑOS EN ADELANTECONTAR CON LAPTOP PARA GENERACION DE REPORTESDE PREFRENCIA VEHICULO O FACILIDAD DE TRASLADOFECHA DE PRESENTACION A LABORAR 23 DE JUNIO, QUIEN CUMPLA CON EL TIEMPO, POSTULARSE.Tipo de puesto: Tiempo completoSalario: A partir de $35,000.00 al mesHorario:Turno de 8 horasConsideraciones ante el COVID-19:Medidas SanitariasPregunta(s) de postulación:CONTAR CON LAPTOPCONTAR CON VEHICULO PARA TRASLADO AL PROYECTOExperiencia:INSTALACIONES: 5 años (Obligatorio)Fecha límite para postularse: 23/06/2022Fecha de inicio prevista: 23/06/2022",,,2022-08-20T00:00:00,2022-10-14,FULL_TIME
47,Consultor BI Ecommerce,Confidencial,México,Ciudad de México,420000,480000,MONTH,MXN,"Consultor BI - Ecommerce.Objetivo: Obtención y análisis a profundidad de toda la información generada de la venta digital; con la finalidad de crear estrategias comerciales digitales para el crecimiento en ventas.Requisitos: Ingeniería Industrial, Actuaría, Economía, mercadotecnia o a fin.3 años de experiencia reciente en extracción de datos en las diferentes plataformas, programas o sitios web relacionados con el comercio electrónico o marketing digital (ventas, inventario, tráfico, base de datos de usuarios, data mining).Manejo de Excel, SQL, Euromonitor, preferentemente SAP, Google Analitycs, Adobe Analitycs, Tableau y microsoft power BI.Experiencia indispensable en el Análisis de data digital (campañas, redes sociales etc).Funciones: Extraer datos recolectados y los reorganizan para que puedan ser entendidosInterpretar datos con especial atención en tendencias y patrones que pueden tener gran valor para su diagnóstico.Comunicar los hallazgos a líderes que toman decisiones de negocio a través de reportes con gráficas, de manera que sea sencillo entenderlos.Búsqueda, negociación y contacto de prospectos comerciales de Ecommerce.Análisis de información.Ofrecemos: Sueldo Base.Bono de puntualidad y asistencia.Ayuda de transporte.Prestaciones de Ley.Seguro de vida.Seguro de gastos médicos menores.Premio de lealtad.Bono por cumpleaños.Estabilidad laboral.Interesados, postular por este medio adjuntando cv actualizadoTipo de puesto: Tiempo completo, Por tiempo indeterminadoSalario: $35,000.00 - $40,000.00 al mesHorario:Horario flexibleLunes a viernesPrestaciones:Descuentos y precios preferencialesHorarios flexiblesOpción a contrato indefinidoSeguro de vidaTrabajar desde casaTipos de compensaciones:Bono de asistenciaBono de puntualidad",Salud,,2022-09-13T00:00:00,2022-10-14,FULL_TIME
48,Supervisor de Obra Electromecánica para diferentes Estados de la República,CCEIC,México,Ciudad de México,216000,240000,MONTH,MXN,"IMPORTANTE EMPRESA DE LA CONSTRUCCIONSOLICITA PARA DIFERENTES ESTADOS DE LA REPUBLICA:Supervisores de Obra Electromecánica.Requisitos:Ingeniero Electromecánico, Mecánico o Eléctrico (con Título y cédula).Experiencia de 3 años en instalaciones electromecánicas, montaje y puesta en marcha de equipos en Naves Industriales y coordinación de contratistas.Conocimientos: AUTOCAD y Office.Funciones:Supervisión de instalación de redes de servicios industriales (agua, aire comprimido, vapor, gas, HVAC y PCI).Supervisión de instalaciones eléctricas (alimentadores de fuerza control, tierras físicas, pararrayos, CCTV, voz y datos, iluminación y contactos.Supervisión de instalación de equipos de servicio industriales (calderas, bombas, tableros, transformadores, subestaciones, Chillers y manejadoras de aire).Integración y revisión de precios unitarios, con conocimiento de rendimientos.Revisión y elaboración de números generadores.Revisión de estimaciones de obra contra avances.Preferentemente viva en CDMX, con disponibilidad para viajar de acuerdo a proyecto.Ofrecemos:Prestaciones de Ley.Desarrollo Profesional.Tipo de puesto: Tiempo completoSalario: $18,000.00 - $20,000.00 al mesHorario:Turno de 8 horas",,,2022-09-13T00:00:00,2022-10-14,FULL_TIME
49,INGENIERO DE PRE-VENTA (TRAINEE),Grupo Meilianza SA de CV,México,Ciudad de México,84000,108000,MONTH,MXN,"Descripción de puestoEl ingeniero de pre-venta juega un papel clave en el desarrollo de negocio y cierre de ventas. El trabajo en conjunto con el área comercial mostrará al usuario final las bondades y ventajas de una determinada solución de seguridad informática, así como los fundamentos prácticos y técnicos para que sea seleccionada la solución que presente. Su relacionamiento con el usuario final y/o fabricante deberá abarcar desde niveles operativos hasta directivos.Responsabilidades· Realizar propuestas concentrando y mostrando el beneficio técnico de soluciones de seguridad.· Conocimiento detallado de las soluciones y productos con la finalidad de realizar una arquitectura que satisfaga las necesidades expresadas por el usuario final.· Lograr y mantener vigentes las certificaciones de los productos y/o marcas asignadas.· Elaboración y mantenimiento de base de datos de usuarios, productos, licencias y renovaciones.· Identificar y conocer los lineamientos, normas, regulaciones o leyes que tenga que cumplir un sector en particular en materia de ciberseguridad y/o privacidad de la información.· Desarrollo de documentación interna/externa sobre competencia, valores agregados, diferenciadores, benchmarking, casos de uso, etc.. Aplicación de encuestas de satisfacción a los clientes, de manera presencial o vía telefónica.Cualidades· Definitivamente deberá trabajar en equipo principalmente con el área Comercial y/o el canal asociado al proyecto – incluso el fabricante.· Organización y control de proyectos.· Facilidad de palabra.Experiencia / Conocimientos· Buen nivel de Inglés – escrito y hablado.· Conocimiento de protocolos de comunicaciones y redes.· Conocimiento general de la industria de TI/Ciberseguridad – marcas, productos, soluciones.· Certificaciones o conocimientos comprobables en:· Switching / ruteo· Telecomunicaciones· Nube· Ambientes virtuales· Bases de datos· Sistemas operativos· Marcos de trabajo para resguardo y seguridad de la informaciónEstudiante de Licenciatura en Sistemas, Computación, Telecomunicaciones, Ciberseguridad o afín.Tipo de puesto: Medio tiempoHoras de medio tiempo: 30 por semanaSalario: $7,000.00 - $9,000.00 al mesHorario:RotativoTipos de compensaciones:Bono de productividadConsideraciones ante el COVID-19:Por el momento estamos trabajando cada uno desde nuestro hogar, en caso de ir a la oficina se pide acudir con cubrebocasEducación:Licenciatura trunca o en curso (Deseable)Experiencia:Ingeniero de Soporte Técnico, Operador en NOC/SOC: 1 año (Deseable)Fecha de inicio prevista: 16/05/2022",,,2022-09-13T00:00:00,2022-10-14,PART_TIME
50,Practicante de Calidad,FFT MEXICO SA DE CV,Puebla,Puebla,72000,72000,MONTH,MXN,"Ingeniería Industrial, mecánica, mecatrónica o sistemas automotricesApoyo en actividades relacionadas a calidadManejo de bases de datosReportesTipo de puesto: Tiempo completoSalario: Hasta $6,000.00 al mesHorario:Turno matutinoIdioma:Inglés (Deseable)Fecha límite para postularse: 07/08/2022",,,2022-09-14T00:00:00,2022-10-14,FULL_TIME
51,Ingeniero de datos,Eligere Research SC,,,600000,840000,MONTH,MXN,,,,2022-08-13T15:39:06,2022-09-13,FULL_TIME
